item_no,price,rating,title
234099,100.00,5.0,Solo Stove Mesa XL Fire Pit
114799,36.93,4.6,Snow Peak GigaPower 2.0 Stove
114890,49.95,4.6,MSR PocketRocket 2 Stove
179537,69.95,4.5,Eureka SPRK+ Butane Camp Stove
127968,129.95,4.5,Jetboil Flash Cooking System
149913,124.95,4.5,Eureka Ignite 2-Burner Camp Stove
191171,190.00,4.2,Camp Chef Everest 2X High-Pressure Stove
106902,119.95,4.7,MSR PocketRocket Stove Kit
204932,200.00,4.6,Coleman Cascade 328 3-Burner Camp Stove
179538,149.95,4.4,Eureka SPRK Camp Grill
234098,280.00,5.0,Solo Stove Bonfire Fire Pit with Stand 2.0
876918,169.95,4.4,Jetboil MiniMo Cooking System
125248,189.95,4.6,MSR WindBurner Stove System - 1 Liter
852113,39.95,4.3,Esbit Solid Fuel Stove and Cookset
169523,119.95,4.6,Snow Peak Home &amp; Camp Butane Stove
186794,69.95,4.0,FIRESIDE OUTDOOR Ground Ember Mat
728384,5.95,4.8,Jetboil Jetpower Fuel - 3.53 oz. / 100g
206260,3.50,5.0,Iwatani Butane Fuel Canister - 8 fl. oz.
830343,134.95,4.7,MSR WindPro II Backpacking Stove
139468,44.95,4.7,TOAKS Titanium Backpacking Wood Burning Stove - Small
227914,269.95,0.0,Snow Peak Teppanyaki Burner
176750,129.95,4.4,Ignik Gas Growler Deluxe
173365,39.95,4.8,AeroPress Go Travel Coffee Press
199934,89.83,3.9,NEMO Tensorâ€¯Ultralight Sleeping Pad
225651,600.00,4.6,Garmin Forerunner 965
782241,8.93,4.5,Sea to Summit Alpha Light Spoon - Long
186178,75.93,4.7,REI Co-op Pack-Away Bin
229733,49.95,4.4,LifeStraw Go Series 1 L Water Filter Bottle - 33.8 fl. oz.
198437,40.00,4.3,Tiny Tents Basecamp Dome Tent
158399,39.95,4.7,REI Co-op Trailsmith Gloves
208257,400.00,4.1,Garmin inReach Mini 2
161521,18.93,4.2,Zippo Heatbank 3 Rechargeable Hand Warmer and Power Bank
848099,44.95,4.0,GSI Outdoors Gourmet Kitchen Set 11
219193,15.93,4.7,REI Co-op Graphic Camp Mug - 12 fl. oz.
220438,45.00,4.4,Stanley Quencher H2.0 FlowState Tumbler - 40 fl. oz.
634288,36.93,4.5,Rubbermaid Action Packer - 24 Gallon
143797,15.93,4.6,TheTentLab The Deuce 3 Heavy Duty Backcountry Trowel
815538,7.93,4.1,GSI Outdoors Spice Missile
204536,29.95,4.0,REI Co-op Pack-Away 6 Soft Cooler
217509,11.95,4.5,OXO Soap-Dispensing Brush with Storage Case
188426,15.95,4.7,REI Co-op Nalgene Sustain Graphic Wide-Mouth Water Bottle - 32 fl. oz.
188475,29.93,3.3,Platypus QuickDraw Microfilter System
207804,32.73,4.0,Hydro Flask Wide-Mouth Vacuum Water Bottle with Flex Cap - 32 fl. oz.
233808,30.00,4.8,YETI Rambler Vacuum Pint Glass with MagSlider Lid
139477,19.95,4.7,TOAKS Titanium 3-Piece Cutlery Set
217505,25.95,3.9,OXO Campgrounds French Press 2.0
161619,150.00,4.8,Stanley Even-Heat Camp Pro Cookset
202274,374.00,3.9,REI Co-op Skyward 4 Tent
203934,19.95,4.7,OXO Outdoor Santoku Knife with Locking Sheath
189488,23.00,4.7,SOL Flat Pack Collapsible Sink - 16 Liters
149219,70.00,4.0,Stanley Classic Vacuum French Press - 48 fl. oz.
176598,92.93,4.8,Rumpl Original Puffy Blanket - National Park
189489,17.00,4.4,SOL Flat Pack Collapsible Sink - 8 Liters
797114,55.93,4.4,Sea to Summit Thermolite Reactor Extreme Sleeping Bag Liner
889971,36.93,4.2,Sea to Summit X-Pot Kettle - 1.3 Liters
234022,34.73,4.8,MPOWERD Luci Pro Series Inflatable Solar Lantern
203771,39.95,4.9,Kelty Chef Roll Bag
193121,73.83,3.6,REI Co-op Trailgate Vehicle Shelter
169962,34.95,4.3,Hydro Flask Coffee with Flex Sip Lid - 20 fl. oz.
231022,12.73,5.0,UCO 4-Piece Mess Kit
200660,86.93,4.0,Mountain Summit Gear Aluminum Folding Picnic Table
223393,69.95,4.8,AeroPress XL Coffee Press
235025,17.73,0.0,CamelBak Insulated Stainless-Steel Camp Mug - 12 fl. oz.
187358,11.93,4.1,REI Co-op Life Outdoors Flask - 8 fl. oz.
193589,29.93,4.6,REI Co-op Flannel/Fleece Blanket
739717,17.00,4.6,Rolla Roaster Marshmallow and Hot Dog Roasting Forks - Pair
186176,34.93,4.6,REI Co-op Pack-Away Adjustable Cube
227610,20.93,4.4,Hydro Flask Kids' Wide-Mouth Vacuum Water Bottle with Straw Cap Lid and Boot - 12 fl. oz.
189676,79.95,4.6,GSI Outdoors Rakau Knife Set
230608,12.73,5.0,Sea to Summit X-Bowl
203552,10.93,4.8,REI Co-op Nalgene Sustain Graphic Wide-Mouth Water Bottle - 32 fl. oz.
129646,39.95,4.9,GSI Outdoors Santoku Knife Set
190769,3.95,5.0,Eureka Butane Fuel Canister - 8 oz.
189289,59.95,4.5,BioLite FirePit Carry Bag
128868,219.95,4.4,MSR WindBurner Duo Stove System
186174,149.95,4.4,Jetboil Stash Cooking System
198221,179.95,4.0,Ignik FireCan Portable Fire Pit
204839,80.00,4.6,Coleman Cascade 18 1-Burner Camp Stove
783963,26.95,4.5,MSR Fuel Bottle - 30 fl. oz.
189149,110.00,4.8,Coleman Guide Series Compact Dual Fuel Stove
167685,144.95,4.5,Jetboil Flash Java Kit Cooking System
213476,46.73,0.0,ALPS Mountaineering Adventure Chair
205575,116.73,0.0,Mountain Equipment Starlight I Sleeping Bag - Women's Long
205574,132.73,4.0,Mountain Equipment Starlight I Sleeping Bag - Women's
213447,63.73,2.0,ALPS Mountaineering Flexcore Air Pad - XL
213486,208.73,5.0,ALPS Mountaineering Ready Lite Cot
232064,3.73,0.0,GSI Outdoors Infinity Bowl
830341,159.95,4.6,MSR WhisperLite International Backpacking Stove
232067,3.73,0.0,GSI Outdoors Infinity Plate
232069,2.73,5.0,GSI Outdoors Infinity Stacking Cup
232066,2.73,0.0,GSI Outdoors Infinity Mug
232079,3.73,0.0,GSI Outdoors Pint Glass
232068,2.73,0.0,GSI Outdoors Infinity Serving Bowl
235020,37.73,0.0,CamelBak MultiBev Insulated Water Bottle - 22 fl. oz.
144789,172.73,2.3,Mountainsmith Cottonwood 6-Person Tent
232065,2.73,0.0,GSI Outdoors Infinity Divided Plate
174089,163.73,1.8,Mountainsmith Upland 6 Tent
232077,17.73,0.0,GSI Outdoors MicroLite 500 Twist Vacuum Water Bottle - 17 fl. oz.
185046,36.73,3.5,ALPS Mountaineering Meramac 6 Floor Saver Footprint
190080,82.73,4.2,Gregory Miwok 18 Pack - Men's
232063,18.73,0.0,GSI Outdoors Infinity 1-Person Table Set
199158,113.73,5.0,Komperdell Carbon C3 Pro Trekking Poles - 2020 - Pair
232070,24.73,0.0,GSI Outdoors MicroLite 1000 Twist Vacuum Water Bottle - 32 fl. oz.
232062,24.73,4.0,GSI Outdoors Cascadian 4-Person Table Set
203769,51.73,3.8,Exped Mira II HL Footprint
232071,24.73,5.0,GSI Outdoors MicroLite 1000 Twist Vacuum Water Bottle - 32 fl. oz.
199159,135.73,2.5,Komperdell Carbon C3 Pro Compact Trekking Poles - Pair
205540,58.73,3.5,Trekmates Mountain Pod Emergency Shelter - L
205565,151.73,0.0,Mountain Equipment Nova II Sleeping Bag - Men's Long
211020,109.73,4.3,Smith Headliner Sunglasses
203801,46.73,4.0,Exped Mira III HL Footprint
211043,139.73,0.0,Smith Shoutout ChromaPop Sunglasses
128867,104.95,4.6,MSR PocketRocket 2 Mini Stove Kit
215035,13.73,4.8,Black Diamond Moji Color Lantern
736977,289.95,4.7,MSR Reactor Stove System - 1.7 Liter
115533,219.95,4.2,Jetboil HalfGen Base Camp Cooking System
813623,99.95,4.4,Jetboil Zip Cooking System
187621,49.95,4.4,Eureka SPRK Camp Stove
177954,69.95,4.8,Soto WindMaster Stove with 4Flex Pot Support
231017,4.73,3.0,Esbit Emergency Stove with 3 Fuel Cubes
709002,189.95,4.6,MSR DragonFly Backpacking Stove
830342,199.95,4.4,MSR WhisperLite Universal Backpacking Stove
831501,179.95,4.5,Jetboil Sumo Cooking System
209245,46.73,3.3,Primus Open Fire Camping Pan - Small
148209,84.95,4.4,MSR PocketRocket Deluxe Stove
155030,41.83,0.0,Perception Splash Seat Back Cooler
224722,20.93,3.7,Klean Kanteen Rise Tumbler with Flip Lid - 16 fl. oz.
212379,20.00,4.7,Stanley Adventure Vacuum Quencher Travel Tumbler - 14 fl. oz.
227789,119.73,4.7,MSR Titan 2 Pot Set
205566,173.73,0.0,Mountain Equipment Nova II Sleeping Bag - Women's
230609,13.73,3.8,Sea to Summit X-Brew Coffee Dripper
235022,19.73,4.0,CamelBak Hot Cap Insulated Stainless-Steel Travel Mug - 20 fl. oz.
223029,104.73,1.0,Big Agnes Mica Basin Camp Chair
226974,154.73,5.0,Smith Ruckus ChromaPop Sunglasses
232073,19.73,5.0,GSI Outdoors MicroLite 500 Flip Vacuum Water Bottle - 17 fl. oz. - Brushed Stainless
223008,171.73,0.0,Big Agnes Sidewinder SL 35 Sleeping Bag - Women's
226985,68.73,4.1,BioLite HeadLamp 750
234840,149.73,0.0,Smith Rockaway ChromaPop Polarized Sunglasses - Women's
229110,76.73,0.0,Dragon Count Sunglasses
229112,84.73,0.0,Dragon Drac Sunglasses
228959,15.73,5.0,Outdoor Research PackOut Graphic Stuff Sack - 10 L
229115,76.73,0.0,Dragon Kodiak Sunglasses
229118,144.73,0.0,Dragon Ridge X Sunglasses
229119,63.73,5.0,Dragon Rune Sunglasses
229121,144.73,0.0,Dragon Tracer X Sunglasses
229117,84.73,0.0,Dragon Monarch XL Sunglasses
229120,76.73,0.0,Dragon Sparrow Sunglasses
229122,84.73,0.0,Dragon Wilder LL Sunglasses
229126,57.73,0.0,Dragon Juniper Sunglasses
230938,489.73,3.0,Mountain Hardwear Outpost 2 Tent
232439,36.73,0.0,Big Agnes Dog House 4 Footprint
231759,64.73,0.0,Mountain Hardwear ACI 3 Footprint
229123,80.73,0.0,Dragon Baile Sunglasses
232440,258.73,0.0,Big Agnes Sand Wash Car Tarp
232442,224.73,0.0,Big Agnes Deep Creek Tarp
232441,184.73,0.0,Big Agnes Deep Creek Tarp - Medium
233423,51.73,0.0,NEMO Switch 2P Footprint
229124,114.73,5.0,Dragon Baile XL H2O Polarized Sunglasses
234838,149.73,0.0,Smith Joya ChromaPop Polarized Sunglasses - Women's
234837,184.73,4.5,Smith Joya ChromaPop Polarized Glass Sunglasses - Women's
234839,184.73,4.4,Smith Rockaway ChromaPop Polarized Glass Sunglasses - Women's
234836,184.73,0.0,Smith Deckboss ChromaPop Glass Polarized Sunglasses
232897,25.73,1.0,Hydro Flask Coffee Cup with Flex Sip Lid - 20 fl. oz.
196109,24.95,4.5,REI Co-op Pack In Pack Out Pouches - Set of 3
232076,19.73,5.0,GSI Outdoors MicroLite 500 Flip Vacuum Water Bottle - 17 fl. oz.
857612,20.00,3.8,Suunto Clipper L-B NH Compass
232040,8.73,0.0,GSI Outdoors Cascadian 1-Person Table Set
207777,9.95,3.8,Backpacker's Pantry Pad Thai - 2 Servings
131742,69.95,4.2,Tifosi Alliant Sunglasses
232074,20.73,5.0,GSI Outdoors MicroLite 720 Flip Vacuum Water Bottle - 24 fl. oz.
235024,29.73,4.6,CamelBak Carry Cap Insulated Stainless-Steel Bottle - 64 fl. oz.
232075,16.73,0.0,GSI Outdoors Microlite 720 Twist Vacuum Water Bottle - 24 fl. oz.
206513,199.00,0.0,Yakima OpenRange Leg Kit
684087,99.00,3.9,Outdoor Research Bug Bivy
201327,183.00,4.0,Oakley Sutro Prizm Black Sunglasses
724690,14.95,4.1,Nikwax TX.Direct Wash-In Water Repellent Treatment - 10 fl. oz.
193055,34.73,4.0,ALPS Mountaineering Dayventure Waterproof Blanket
892413,36.95,4.1,Gerber Swagger Drop Point Knife
213482,165.73,5.0,ALPS Mountaineering Iron Ridge Cook Station
232895,32.73,0.0,Hydro Flask Standard-Mouth Vacuum Water Bottle with Flex Straw Cap - 24 fl. oz.
234623,39.73,0.0,Suncloud Beyond Polarized Sunglasses - Women's
141510,30.73,2.9,Mountain Summit Gear 4-Person Enamel Tableware Set
234843,134.73,0.0,Smith Monterey ChromaPop Polarized Sunglasses - Women's
234844,134.73,0.0,Smith Pinpoint ChromaPop Polarized Sunglasses
197378,204.95,2.5,Snow Peak Take! Bamboo Chair
228991,15.73,5.0,Outdoor Research PackOut Graphic Stuff Sack - 20 L
234519,62.73,0.0,Ledlenser P6R Core Rechargeable Flashlight
190725,24.95,4.5,Kelty Bestie Blanket
232453,36.73,0.0,Big Agnes Goosenest Cot Single-Wide Accessory Cover
234510,13.73,5.0,Ledlenser Kidbeam 4 Flashlight
234622,39.73,0.0,Suncloud Cityscape Polarized Sunglasses - Women's
213169,1.73,5.0,Sunday Afternoons Artist Series Face Mask - Kids'
184978,30.73,0.0,ALPS Mountaineering Camp Creek Two-Room Floor Saver Footprint
211022,134.73,4.6,Smith Longfin ChromaPop Polarized Sunglasses
213435,21.73,0.0,ALPS Mountaineering Paragon 2 Footprint
185042,22.73,0.0,ALPS Mountaineering Meramac 4 Floor Saver Footprint
229116,63.73,1.0,Dragon Melee Polarized Sunglasses
213446,46.73,3.0,ALPS Mountaineering Flexcore Air Pad - Long
184982,24.73,5.0,ALPS Mountaineering Camp Creek 6 Floor Saver Footprint
231806,74.73,0.0,Black Diamond Shot 11 Pack
174080,64.73,1.0,Mountainsmith Antero +35 Sleeping Bag
228960,13.73,4.8,Outdoor Research PackOut Graphic Stuff Sack - 15 L
229113,76.73,0.0,Dragon Eden Sunglasses
229114,76.73,0.0,Dragon Kodiak Sunglasses
227894,32.73,1.0,Gregory 3D Hydro Trek Hydration Reservoir - 3 Liters
226984,40.73,4.3,BioLite HeadLamp 330
130639,374.95,4.6,IceMule Boss 30 L Pack Cooler
217798,529.00,2.9,Marmot Limestone 6-Person Tent
139586,20.93,4.5,Hydro Flask Coffee with Flex Sip Lid - 12 fl. oz.
813512,5.25,4.6,SOL Emergency Blanket
232484,124.00,0.0,Motorola TALKABOUT T478 2-Way Radios - Pair
149806,59.93,4.8,RovR Products Essentials Pack
162815,80.00,4.1,YETI Daytrip Lunch Bag
165301,70.93,4.8,GSI Outdoors Pinnacle Dualist HS Cookset
150376,35.93,4.5,Sea to Summit DeltaLight Camp Set 4.4
151399,59.95,4.2,Sea to Summit Aeros Down Pillow
187990,16.00,4.5,CamelBak Chute Mag Renew Water Bottle - 25 fl. oz.
227453,38.00,4.9,Owala FreeSip Insulated Stainless-Steel Tumbler with Locking Push-Button Lid - 40 fl. oz.
850235,24.95,4.3,Cocoon Microfiber Mummy Liner
227376,54.95,4.3,MPOWERD Luci Solar String Lights - 18'
227895,82.73,0.0,Gregory Miwok 18 Pack - Men's Plus Size
139666,74.95,4.0,Katadyn Gravity BeFree Water Filtration System - 3 Liters
213436,20.73,1.0,ALPS Mountaineering Trail Tent Footprint
168699,32.95,4.7,Hydro Flask Wide-Mouth Vacuum Water Bottle - 20 fl. oz.
177187,29.93,4.3,RovR Products HoldR Umbrella Support
228992,20.73,5.0,Outdoor Research PackOut Graphic Stuff Sack - 35 L
234518,20.73,0.0,Ledlenser P2R Core Flashlight
227720,84.73,3.4,Coleman OneSource Heated Stadium Seat with Rechargeable Battery
237942,41.73,0.0,Gerber Gator Bolo Machete
196086,47.93,4.6,Sea to Summit Alpha Pot - 3.7 Liters
237940,29.73,0.0,Gerber Armbar Slim Cut Multi-Tool
184980,19.73,4.0,ALPS Mountaineering Camp Creek 4 Floor Saver Footprint
227877,52.73,2.5,Zempire Kitpack Spike Table
205573,105.73,0.0,Mountain Equipment Starlight I Sleeping Bag - Men's Long
213480,51.73,3.5,ALPS Mountaineering Eclipse Tic-Tac-Toe Table
233344,21.73,0.0,Osprey Hydraulics Lumbar Reservoir - 1.5 Liters
217423,59.73,4.4,Dragon Eden LL Sunglasses
237941,29.73,3.8,Gerber Armbar Slim Drive Multi-Tool
234444,119.73,5.0,Rumpl Sherpa Fleece Puffy Blanket
213481,118.73,0.0,ALPS Mountaineering Utility Table
232454,59.73,0.0,Big Agnes Goosenest Cot Double-Wide Accessory Cover
237944,21.73,0.0,Gerber Wingtip Folding Knife
205571,113.73,0.0,Mountain Equipment Starlight II Sleeping Bag - Women's Long
231476,43.73,0.0,Patagonia Organic Cotton Towel
233759,44.73,0.0,Tifosi Slice Sunglasses
210870,139.73,0.0,Smith Caper ChromaPop Polarized Sunglasses - Women's
229127,137.73,0.0,Dragon Meridien Polarized Sunglasses
193085,147.73,2.0,ALPS Mountaineering Camp Creek 4 Tent
217426,61.73,5.0,Dragon Wilder LL Sunglasses
217507,19.95,4.5,OXO Compact Can and Bottle Opener
213473,148.73,0.0,ALPS Mountaineering Westwind Rocker Chair
197833,29.93,3.3,MiiR Food Canister - 24 fl. oz.
131776,25.95,4.7,humangear GoToob+ Medium Squeeze Bottles - 2.5 fl. oz. - Package of 3
204890,27.95,4.5,Hydro Flask All Around Tumbler - 20 fl. oz.
175897,10.95,4.4,Mountain House Rice &amp; Chicken - 2 Servings
222900,399.95,0.0,Exped Trekkinglite 15 Sleeping Bag
850233,5.95,4.8,Sea to Summit 2-Pin Side-Release Field Repair Buckle
220675,19.95,4.4,Coghlan's Picnic Table Cover
232056,129.73,5.0,FORE WINDS Luxe Camp Stove
169524,244.95,4.7,Snow Peak Smokemeister Camp Smoker
204933,100.00,4.4,Coleman Cascade Classic Camp Stove
147988,274.95,4.7,Snow Peak Grill Burner
149914,159.95,4.5,Eureka Ignite Plus 2-Burner Camp Stove
189288,249.95,4.1,BioLite FirePit+
149091,49.95,4.5,Soto Amicus Stove Cookset Combo
708999,134.95,4.6,MSR WhisperLite Shaker Jet Backpacking Stove
838499,3.50,4.6,Zippo Lighter Fluid - 4 fl. oz.
101107,59.95,5.0,MSR Reactor Stove Hanging Kit
100060,399.95,4.6,Jetboil Genesis Basecamp System Camp Stove
100562,359.00,4.5,GoSun Sport Pro Pack Solar Cooker
172592,880.00,4.5,Dometic CFX3 35 Powered Cooler
216639,169.95,2.8,Black Diamond Pursuit Shock Trekking Poles - Pair
814692,24.95,4.8,MSR Universal Fuel Canister Stand
204936,70.00,3.2,Coleman Cascade Stove Grill &amp; Griddle Accessory
228694,100.00,4.6,Coleman Convoy Series 28-Quart Portable Cooler
849634,5.95,4.8,MSR IsoPro Fuel Canister - 3.9 oz. / 110g
188106,15.00,4.6,CamelBak Eddy+ Kids' Renew Water Bottle - 14 fl. oz.
172596,"1,400.00",4.2,Dometic CFX3 95 Dual Zone Powered Cooler
203248,39.95,4.8,Gregory Raincover 50-80 L
643061,5.95,4.4,Snow Peak GigaPower 110 Gold Fuel Canister - 110g
220713,70.00,5.0,OliCamp Ion Stove with LT Pot Combo
130162,48.93,4.4,CGear Multimats Sandlite Sand-Free Mat
868221,10.95,4.9,MSR IsoPro Fuel Canister - 16 oz. / 450g
199347,24.95,5.0,Ignik 4' Propane Adapter Hose
229082,34.95,4.5,Hydro Flask All Around Travel Tumbler - 32 fl. oz.
205187,29.95,4.0,Cocoon AirCore Hood/Camp Pillow
668815,9.95,4.1,Snow Peak Giga Power Windscreen
218582,52.00,3.3,Osprey Hydraulics Reservoir - 2 Liters
165541,39.93,3.4,Purist Mover Vacuum Water Bottle with Union Top - 18 fl. oz.
653343,15.95,4.3,Esbit Pocket Stove
226952,114.95,4.6,MSR Reactor 1.7 L Pot
210440,125.93,4.9,Rumpl Flannel Sherpa Blanket
695200,19.00,4.5,Coleman Fuel - 1 gal.
877680,32.95,4.3,GU Energy Gel Multipack - Package of 24
131314,69.95,4.3,Esbit Alcohol Stove and Trekking Cookset
169961,64.95,4.6,Hydro Flask Wide-Mouth Vacuum Bottle with Flex Cap - 64 fl. oz.
228133,179.95,3.5,Hydro Flask 26L Day Escape Insulated Tote
714947,49.95,5.0,MSR DragonFly Expedition Service Kit
662980,79.95,4.1,Cleanwaste GO Anywhere Portable Toilet Seat
714949,49.95,4.8,MSR XGK Expedition Service Kit
845328,6.00,4.8,REI Co-op Snow Stake
230786,11.95,0.0,humangear GoBites Bio Uno Spork - Kids' - Set of 3
228257,60.00,0.0,Stanley Quencher H2.0 FlowState Tumbler - 64 fl. oz.
162298,93.00,4.5,GCI Outdoor RoadTrip Rocker Chair
200203,99.95,4.5,Soto Fusion Trek Stove
853186,77.00,4.6,GCI Outdoor Freestyle Rocker Chair
720285,18.95,4.7,Snow Peak Titanium Plate
123343,250.00,4.5,YETI Hopper Flip 12 Soft Cooler
788211,9.95,4.1,Nikwax Waterproofing Wax for Leather
232689,44.95,0.0,Klean Kanteen TKWide Insulated Water Bottle with Chug Cap - 32 fl. oz.
225821,99.95,3.6,JBL Tune Flex Earbuds
172593,950.00,4.2,Dometic CFX3 45 Powered Cooler
234258,3.50,0.0,JOYRIDE Zero Sugar Fruity Gummy Bears
186381,35.00,4.5,Osprey Daylite Waist Pack
668925,6.95,4.7,Snow Peak GigaPower 250 Gold Fuel Canister - 220g
178599,250.00,4.4,YETI Roadie 24 Cooler
207526,14.95,4.8,Mountain House Classic Breakfast Skillet - 2.5 Servings
138327,50.00,4.8,OliCamp Ion Micro Titanium Stove
234259,3.50,0.0,JOYRIDE Zero Sugar Sour Fruit Gummies
217796,55.00,5.0,Marmot Limestone 4-Person Footprint
234260,3.50,0.0,JOYRIDE Zero Sugar Sour Gummy Worms
182730,13.95,4.6,PEAK REFUEL Sweet Pork and Rice - 2 Servings
206804,179.00,4.3,Sea to Summit Comfort Plus Self-Inflating Sleeping Pad - Rectangular
768603,59.95,4.5,Snow Peak LiteMax Stove
884738,109.95,4.8,Snow Peak BiPod Stove
220789,49.95,4.5,Hydro Flask Wide-Mouth Vacuum Water Bottle with Flex Straw Cap - 32 fl. oz.
218233,179.00,4.3,MYSTERY RANCH Coulee 20 Pack - Men's
123344,300.00,4.6,YETI Hopper Flip 18 Soft Cooler
182723,13.95,4.6,PEAK REFUEL Chicken Pesto Pasta - 2 Servings
220646,135.00,4.9,Camp Chef Pro 30 Deluxe Camp Stove
228256,55.00,0.0,Stanley IceFlow AeroLight Vacuum Water Bottle with Fast Flow Lid - 50 fl. oz.
649902,48.93,4.6,MSR Titan Kettle
129571,13.95,4.4,Chukar Cherries Dark Chocolate Classic Cherries
220437,35.00,4.6,Stanley Quencher H2.0 FlowState Tumbler - 30 fl. oz.
204832,2.95,4.5,Snow Peak GigaPower Butane Fuel Canister - 250 g
171318,22.00,4.4,CamelBak Reservoir Cleaning Kit
874212,450.00,4.8,YETI Tundra 75 Cooler
175887,10.25,3.8,Mountain House Creamy Macaroni &amp; Cheese - 2 Servings
220563,9.95,4.2,Sea to Summit Dry Bag Sling
889968,51.93,4.9,Sea to Summit X-Set 11 Cookset
233758,49.73,0.0,Tifosi Aethon Sunglasses
123404,29.95,4.1,GSI Outdoors Glacier Camp Stove
200290,359.00,4.7,Marmot Limelight 3P Tent with Footprint
127086,35.00,4.7,YETI Rambler Tumbler with MagSlider Lid - 20 fl. oz.
233424,149.73,0.0,NEMO Victory Sunshade
109906,14.95,4.4,Aquatabs Water Purification Tablets - Package of 30
227924,149.95,0.0,Snow Peak Pack &amp; Carry S Fireplace
889970,40.93,4.5,Sea to Summit X-Pot - 1.4 Liters
205410,159.95,4.2,Snow Peak Takibi Floga Fire Pit Attachment
200713,359.00,4.3,Suunto 9 Peak Titanium
225357,99.95,3.5,JBL Endurance Peak 3 Earbuds
234443,154.73,4.8,Rumpl Original Puffy Changing Poncho
172595,"1,250.00",4.5,Dometic CFX3 75 Dual Zone Powered Cooler
721999,14.95,4.6,MSR SuperFuel - Quart
206474,2.50,4.3,GU Energy Chews
758051,29.95,4.1,Sea to Summit Kitchen Sink - 20 Liters
207806,23.73,5.0,Hydro Flask Wide-Mouth Vacuum Water Bottle - 20 fl. oz.
871125,39.95,4.2,Petzl Spatha Knife
230602,27.73,0.0,Sea to Summit Mesh Stuff Sack - Set of 3
220436,30.00,4.5,Stanley Quencher H2.0 FlowState Tumbler - 20 fl. oz.
232896,19.73,0.0,Hydro Flask Coffee Cup with Flex Sip Lid - 16 fl. oz.
832504,25.95,3.7,Gerber Dime Keychain Multi-tool
709004,54.95,3.2,MSR Standard Fuel Pump
207809,30.73,5.0,Hydro Flask Wide-Mouth Vacuum Water Bottle with Flex Cap - 40 fl. oz.
129701,44.95,4.7,Snow Peak Wabuki Chopsticks
852548,275.00,4.8,YETI Tundra 35 Cooler
170998,130.00,4.1,GCI Outdoor Freeform Zero Gravity Lounger
852554,375.00,4.8,YETI Tundra 65 Cooler
229251,150.00,4.7,YETI Rambler Insulated Beverage Bucket
838500,4.00,4.9,Zippo Premium Butane Fuel - 2.5 fl. oz.
185031,79.73,2.6,ALPS Mountaineering Fusion 40 Sleeping Bag
114828,59.95,3.9,MSR Dromedary Bag - 10 Liters
207675,195.00,5.0,Ray-Ban RB4181 Polarized Sunglasses
229003,17.73,5.0,Outdoor Research PackOut Graphic Dry Bag - 10 L
890802,189.95,4.5,MSR WindBurner Stove System
116759,16.95,4.8,SaltStick Fastchews Chewable Electrolyte Tablets - 60 Tablets
213013,163.73,1.0,Komperdell Cross Stick Trekking Poles - Pair
214300,59.95,3.7,BioLite HeadLamp 425
233386,59.95,0.0,Soto Regulator Stove
218561,130.00,4.0,Osprey Skarab 22 Hydration Pack - Men's
145316,450.00,4.6,YETI Tundra Haul Wheeled Cooler
201968,89.93,4.5,REI Co-op Flash 15 Hydration Vest
139587,32.95,4.3,Hydro Flask Coffee with Flex Sip Lid - 16 fl. oz.
234511,13.73,0.0,Ledlenser Kidcamp6 Electric Lantern
150116,99.95,4.8,Grayl GeoPress Water Filter and Purifier Bottle - 24 fl. oz.
784303,24.95,4.7,MSR Fuel Bottle - 20 fl. oz.
874210,325.00,4.8,YETI Tundra 45 Cooler
218566,130.00,5.0,Osprey Skimmer 20 Hydration Pack - Women's
207779,8.95,4.3,Backpacker's Pantry Blueberry Peach Crisp - 2 Servings
234841,169.73,0.0,Smith Longfin ChromaPop Polarized Glass Sunglasses
884005,10.95,4.4,Jetboil Pot Support
218575,65.00,4.3,Osprey AirPorter LZ Pack Duffel - Medium
183045,38.00,4.4,YETI Rambler Travel Mug - 20 fl. oz.
604787,2.25,4.7,Clif Energy Bar
205583,90.73,0.0,Mountain Equipment Lunar I Sleeping Bag - Women's Long
217489,89.95,4.4,REI Co-op Flexlite Print Camp Boss Chair
890183,130.00,4.5,YETI Rambler Gallon Jug - 128 fl. oz.
217722,119.95,5.0,Leki Legend Black Carbon Walking Pole - Single
196359,34.73,2.7,Ledlenser MH5 Headlamp
108105,2.50,4.8,Clif Nut Butter Filled Bars
193834,179.95,4.5,Gregory Juno 30 H2O Pack - Women's Plus Sizes
175894,10.95,4.5,Mountain House Lasagna with Meat Sauce - 2 Servings
162655,9.00,4.7,Rumpl Solid Beer Blanket
234177,174.73,0.0,Granite Gear Perimeter 50 Pack - Women's
189402,230.93,2.8,Eureka NoBugZone 3-in-1 Shelter
140226,10.00,3.6,Alpine Start Instant Coconut Creamer Latte - Package of 5
214932,104.73,4.3,Outdoor Research Warnick Sensor Gloves
203241,359.95,4.9,Gregory Deva 70 Pack - Women's
204421,37.95,2.8,Matador FlatPak Toiletry Bottles - Package of 3
152921,33.83,2.0,O'NEILL Sunglasses Shore Polarized Sunglasses
891193,389.95,4.0,MSR Guardian Purifier
234835,184.73,0.0,Smith Castaway ChromaPop Glass Polarized Sunglasses
235338,179.73,0.0,Mammut Ducan Spine 55 Pack - Women's
203961,49.95,4.9,OXO Outdoor 4-Piece Camp Stove Cooking Set
218911,60.00,5.0,Slowtide Shores Camp Blanket
229004,18.73,0.0,Outdoor Research PackOut Graphic Dry Bag - 15 L
223112,12.95,4.9,Snow Peak Titanium Spork - Long
139461,45.00,4.7,TOAKS Titanium 900ml D115mm Pot
190171,6.95,4.5,Backpacker's Pantry Peanut Butter Banana Oatmeal - 1 Serving
205765,120.00,4.9,Deuter Speed Lite CV 25 Pack - Men's
224831,29.93,0.0,UCO Softshell Ice Cream Ball - Pint
198651,89.95,4.7,Grayl UltraPress Water Filter and Purifier Bottle - 16.9 fl. oz.
187793,16.00,4.1,HydraPak 500 ml Stow Bottle - 17 fl. oz.
808890,1.00,4.8,Loucks Dark Chocolate Sesame Snaps
155191,39.73,2.0,Suncloud Voucher Polarized Sunglasses
228815,350.00,3.8,YETI Hopper M30 2.0 Soft Cooler
169850,49.95,4.5,Hydro Flask Wide-Mouth Vacuum Water Bottle with Flex Cap - 40 fl. oz.
228248,30.00,4.5,Stanley AeroLight Transit Water Bottle - 16 fl. oz.
223991,188.73,5.0,Marmot Ollan 20 Sleeping Bag - Men's
187945,35.00,4.3,Stanley IceFlow Straw Tumbler - 30 fl. oz.
216799,300.00,4.0,Garmin inReach Messenger
229915,30.00,4.2,YETI Rambler Mug 2.0 with MagSlider Lid - 14 fl. oz.
228402,900.00,4.8,Garmin fenix 7 Pro Sapphire Solar Edition
210421,479.95,0.0,Mammut Barryvox Tour Package
232245,39.95,4.3,Hydro Flask All Around Travel Tumbler - 40 fl. oz.
164851,325.00,4.6,Mountain Hardwear Bishop Pass 0 Sleeping Bag - Men's
216796,600.00,4.5,Garmin Forerunner 955 Solar
147417,320.00,4.8,Deuter Kid Comfort Child Carrier
221199,440.00,4.0,Insta360 ONE RS - Twin Edition
216059,179.95,4.7,Big Agnes Boundary Deluxe Insulated Sleeping Pad
215884,349.95,4.5,Big Agnes Crag Lake 2 Tent
221661,44.93,4.9,REI Co-op Wallace Lake Sherpa Fleece Blanket
130581,350.00,3.5,Casio Pro Trek PRG600YB Analog/Digital Watch
100546,26.95,4.1,Katadyn BeFree Replacement Filter
167941,349.95,4.5,Geyser Systems Portable Shower with Heater
189519,79.95,4.6,Ruffwear Front Range Dog Day Pack
226849,17.93,4.1,UCO Original Candle Lantern
217262,119.00,4.3,HEST Standard Pillow
226965,19.95,4.6,Coast FX411 Fine-Edge Folding Knife
207774,9.95,3.8,Backpacker's Pantry Cuban Coconut Black Beans &amp; Rice - 2 Servings
130008,169.95,4.8,Kammok Kuhli Shelter
149971,59.95,4.4,Exped Mega Pillow
173567,30.93,4.8,Bee's Wrap Variety Pack - Set of 7
116111,29.93,4.2,GSI Outdoors Glacier Stainless Frypan - 10 in.
184730,69.95,4.1,REI Co-op Hiker Power Lock Staff - Single
226966,14.95,4.6,Coast DX330 Serrated Folding Knife
209484,247.50,2.0,Benchmade 317 Weekender SlipJoint G10 Knife
152925,69.00,4.0,O'NEILL Sunglasses Praia 2.0 Polarized Sunglasses - Women's
102806,11.00,4.7,Nite Ize MoonLit LED Micro Lantern
101658,27.00,4.4,NUUN Sport People for Bikes Mixed Hydration Tablets - Package of 4
182821,18.95,4.8,"Adventure Medical Kits QuikClot Gauze - 3"" x 2'"
784606,6.95,4.3,Ben's 100 Max Formula Insect Repellent - 95 Percent DEET - 1.25 fl. oz.
193016,349.00,4.3,REI Co-op HunkerDown 20 Double Sleeping Bag
128858,59.95,4.8,GSI Outdoors Glacier Stainless Steel 14-Cup Percolator
218136,24.95,4.7,Coleman Quad Chair - Kids'
198652,24.95,4.9,Grayl UltraPress Replacement Purifier Cartridge
882202,49.95,3.3,Caddis Rapid Shelter Wall - 10' x 10'
215659,30.00,5.0,goodr Grand Canyon National Park Polarized Sunglasses
225359,129.95,4.4,JBL Flip 6 Speaker
220587,44.95,4.4,LifeStraw Go Series BPA-Free Water Filter Bottle - 22 fl. oz.
180271,135.00,4.7,Oakley Gibston Sunglasses
215777,429.95,4.3,NEMO Hornet OSMO Ultralight 2P Tent
220843,32.95,4.7,Hydro Flask All Around Tumbler 2.0 - 28 fl. oz.
203369,13.93,4.3,REI Co-op Solid Graphic Camp Mug - 12 fl. oz.
227244,600.00,3.9,Garmin GPSMAP 67i
205174,289.95,4.8,Nikon Monarch M5 8 x 42 Binoculars
187509,160.93,4.5,Kelty Cosmic 20 Sleeping Bag - Women's
171387,99.95,4.7,Fenix PD36R Rechargeable Flashlight
139459,26.95,4.7,TOAKS Titanium 750ml Pot
177272,40.00,4.6,YETI Rambler Vacuum Bottle with Chug Cap - 26 fl. oz.
830776,119.93,4.5,GSI Outdoors Pinnacle Camper Cookset
202396,139.95,4.5,Black Diamond Distance Z Trekking Poles - Pair
233420,224.73,4.6,NEMO Aurora 2P Tent with Footprint
227733,839.00,2.7,Suunto Vertical Titanium Solar
228384,38.00,4.6,YETI Rambler Vacuum Travel Mug with Stronghold Lid - 20 fl. oz.
175892,126.00,4.8,Mountain House Classic Meal Assortment Bucket
220787,44.95,4.7,Hydro Flask Wide-Mouth Vacuum Water Bottle with Flex Straw Cap - 24 fl. oz.
883990,15.00,4.6,YETI Ice Pack
201965,59.95,4.2,REI Co-op Flash 22 Pack
216203,209.93,4.2,NEMO Stargaze Reclining Camp Chair
168734,34.93,4.5,Hydro Flask Lightweight Wide-Mouth Vacuum Water Bottle - 32 fl. oz.
227458,"1,000.00",4.8,Garmin epix Pro (Gen 2) Sapphire Edition
226837,239.00,4.9,EcoFlow RIVER 2 Portable Power Station
750121,9.95,4.4,Leki Snowflake Trekking Pole Snow Baskets - Pair
177499,320.00,4.2,Osprey Ariel 65 Pack - Women's
234675,25.00,4.8,YETI Rambler Cocktail Shaker Lid
203222,320.00,4.3,Arc'teryx Bora 60 Pack - Women's
218580,46.00,1.0,Osprey Hydraulics LT Reservoir - 2.5 Liters
403010,32.00,4.8,Swiss Army Spartan Knife
217410,179.00,4.1,REI Co-op Trailmade 60 Pack - Women's
151077,14.95,4.5,outdoor element Firebiner
214399,14.95,3.0,Ignik Foot Warmers - 4-Pair Multipack
189563,46.00,3.9,Purist Mover Vacuum Water Bottle with Scope Top - 18 fl. oz.
724687,10.95,4.1,Nikwax Tech Wash - 10 fl. oz.
227375,29.95,4.3,MPOWERD Luci Inflatable Solar Lantern: Outdoor 2.0
217797,65.00,0.0,Marmot Limestone 6-Person Footprint
884366,54.95,4.5,Suncloud Mayor Polarized Sunglasses
101657,7.50,4.5,NUUN Sport + Caffeine Hydration Tablets - 10 Servings
750941,6.95,4.5,Ben's Insect Repellent Wipes - 30 Percent DEET - Package of 12
192403,47.00,4.1,Coleman Brazos 30 Sleeping Bag
182725,13.95,4.5,PEAK REFUEL Homestyle Chicken &amp; Rice
890511,330.00,4.7,Casio Pro Trek PRW3500-1 Multifunction Watch
206838,4.95,4.2,Gear Aid Tenacious Tape Hex Patches
189214,114.95,3.8,Katadyn BeFree Gravity Water Filter - 6 Liters
170033,109.95,4.3,ENO JungleNest Hammock
218565,110.00,0.0,Osprey Skimmer 16 Hydration Pack - Women's
120954,57.00,4.8,SILKY Gomboy Curve Folding Hand Saw
129958,66.93,3.7,Snow Peak Field Barista Coffee Grinder
168738,7.95,4.6,REI Co-op Trekking Pole Snow Baskets - Pair
228246,57.00,5.0,Stanley Forge Thermal Bottle - 25 fl. oz.
218024,66.93,4.5,Gregory Nano 22 H2O Hydration Pack - Plus Size
